{"cameraMode":{"drawMode":0,"name":"Shaded","section":"Shading Mode"},"sceneLighting":false,"audioPlay":false,"sceneViewState":{"m_AlwaysRefresh":false,"showFog":true,"showSkybox":false,"showFlares":true,"showImageEffects":true,"showParticleSystems":true,"showVisualEffectGraphs":true,"m_FxEnabled":true},"in2DMode":false,"pivot":{"x":-0.8939015865325928,"y":0.12600362300872804,"z":-4.388486385345459},"rotation":{"x":-0.22910654544830323,"y":-0.6084137558937073,"z":0.18936270475387574,"w":-0.7357931137084961},"size":7.7796125411987309,"orthographic":false}