{"cameraMode":{"drawMode":0,"name":"Shaded","section":"Shading Mode"},"sceneLighting":false,"audioPlay":false,"sceneViewState":{"m_AlwaysRefresh":false,"showFog":true,"showSkybox":false,"showFlares":true,"showImageEffects":true,"showParticleSystems":true,"showVisualEffectGraphs":true,"m_FxEnabled":true},"in2DMode":false,"pivot":{"x":1.0863251686096192,"y":0.42523205280303957,"z":-0.3066759705543518},"rotation":{"x":-0.10314936935901642,"y":-0.6963880658149719,"z":0.10230766236782074,"w":-0.7027019262313843},"size":2.868238925933838,"orthographic":false}