{"cameraMode":{"drawMode":0,"name":"Shaded","section":"Shading Mode"},"sceneLighting":false,"audioPlay":false,"sceneViewState":{"m_AlwaysRefresh":false,"showFog":true,"showSkybox":false,"showFlares":true,"showImageEffects":true,"showParticleSystems":true,"showVisualEffectGraphs":true,"m_FxEnabled":true},"in2DMode":false,"pivot":{"x":-0.35503092408180239,"y":1.1224169731140137,"z":0.08913520723581314},"rotation":{"x":0.1579131782054901,"y":-0.6083606481552124,"z":0.12499935925006867,"w":0.7675309777259827},"size":0.5770902037620544,"orthographic":false}