{"cameraMode":{"drawMode":0,"name":"Shaded","section":"Shading Mode"},"sceneLighting":true,"audioPlay":false,"sceneViewState":{"m_AlwaysRefresh":false,"showFog":true,"showSkybox":true,"showFlares":true,"showImageEffects":true,"showParticleSystems":true,"showVisualEffectGraphs":true,"m_FxEnabled":true},"in2DMode":false,"pivot":{"x":554.3157348632813,"y":1107.034912109375,"z":58.714630126953128},"rotation":{"x":0.17308656871318818,"y":0.014190832152962685,"z":-0.0024065689649432899,"w":0.9846984148025513},"size":1078.7276611328125,"orthographic":true}