{"cameraMode":{"drawMode":0,"name":"Shaded","section":"Shading Mode"},"sceneLighting":true,"audioPlay":false,"sceneViewState":{"m_AlwaysRefresh":false,"showFog":true,"showSkybox":true,"showFlares":true,"showImageEffects":true,"showParticleSystems":true,"showVisualEffectGraphs":true,"m_FxEnabled":true},"in2DMode":false,"pivot":{"x":183.65243530273438,"y":-53.882259368896487,"z":17.969297409057618},"rotation":{"x":0.11383914202451706,"y":0.6647586822509766,"z":-0.10352759063243866,"w":0.730966329574585},"size":100.81057739257813,"orthographic":false}