{"cameraMode":{"drawMode":0,"name":"Shaded","section":"Shading Mode"},"sceneLighting":false,"audioPlay":false,"sceneViewState":{"m_AlwaysRefresh":false,"showFog":true,"showSkybox":false,"showFlares":true,"showImageEffects":true,"showParticleSystems":true,"showVisualEffectGraphs":true,"m_FxEnabled":true},"in2DMode":false,"pivot":{"x":-2.549091339111328,"y":1.2294515371322632,"z":0.06198466569185257},"rotation":{"x":0.10123006999492645,"y":0.7214006185531616,"z":-0.10789696127176285,"w":0.6764920353889465},"size":0.6053004860877991,"orthographic":false}