{"cameraMode":{"drawMode":0,"name":"Shaded","section":"Shading Mode"},"sceneLighting":false,"audioPlay":false,"sceneViewState":{"m_AlwaysRefresh":false,"showFog":true,"showSkybox":false,"showFlares":true,"showImageEffects":true,"showParticleSystems":true,"showVisualEffectGraphs":true,"m_FxEnabled":true},"in2DMode":false,"pivot":{"x":-2.4565398693084719,"y":-0.3944537043571472,"z":0.3357202410697937},"rotation":{"x":0.017540311440825464,"y":-0.6901134252548218,"z":0.01682671345770359,"w":0.723179280757904},"size":2.330667018890381,"orthographic":false}