{"cameraMode":{"drawMode":0,"name":"Shaded","section":"Shading Mode"},"sceneLighting":false,"audioPlay":false,"sceneViewState":{"m_AlwaysRefresh":false,"showFog":true,"showSkybox":false,"showFlares":true,"showImageEffects":true,"showParticleSystems":true,"showVisualEffectGraphs":true,"m_FxEnabled":true},"in2DMode":false,"pivot":{"x":4.324217796325684,"y":0.6794028282165527,"z":-4.026101589202881},"rotation":{"x":-0.037224143743515018,"y":-0.8460500240325928,"z":0.059791166335344318,"w":-0.5281198620796204},"size":1.1490390300750733,"orthographic":false}