{"cameraMode":{"drawMode":0,"name":"Shaded","section":"Shading Mode"},"sceneLighting":false,"audioPlay":false,"sceneViewState":{"m_AlwaysRefresh":false,"showFog":false,"showSkybox":false,"showFlares":false,"showImageEffects":false,"showParticleSystems":false,"showVisualEffectGraphs":true,"m_FxEnabled":true},"in2DMode":false,"pivot":{"x":2.099045515060425,"y":4.973563194274902,"z":0.2776327133178711},"rotation":{"x":0.22599345445632935,"y":0.017533056437969209,"z":-0.004068357869982719,"w":0.9739639759063721},"size":7.080698490142822,"orthographic":false}