{"cameraMode":{"drawMode":0,"name":"Shaded","section":"Shading Mode"},"sceneLighting":false,"audioPlay":false,"sceneViewState":{"m_AlwaysRefresh":false,"showFog":true,"showSkybox":false,"showFlares":true,"showImageEffects":true,"showParticleSystems":true,"showVisualEffectGraphs":true,"m_FxEnabled":true},"in2DMode":false,"pivot":{"x":3.7693521976470949,"y":0.2617182731628418,"z":0.8080303072929382},"rotation":{"x":-0.1159384697675705,"y":-0.8117513656616211,"z":0.17309404909610749,"w":-0.5444701910018921},"size":1.1876492500305176,"orthographic":false}